Epoch,train error mean,test error mean
activation,optimization,learning rate,batch size
tanh,SGD,0.001,50
10,0.18514463305473328,0.1564382165670395
20,0.1601627916097641,0.13561268150806427
30,0.13425718247890472,0.11215078085660934
40,0.12283597886562347,0.10155177861452103
50,0.10260814428329468,0.08599835634231567
60,0.09985431283712387,0.08309158682823181
70,0.08849143981933594,0.07298149168491364
80,0.081229567527771,0.06647678464651108
90,0.0688781887292862,0.05642448738217354
100,0.06838889420032501,0.054976772516965866
110,0.0642109140753746,0.05164828523993492
120,0.06008124724030495,0.04810421168804169
130,0.056552570313215256,0.04616701602935791
140,0.05648890137672424,0.04587768018245697
150,0.05573984980583191,0.04536496847867966
160,0.0522722490131855,0.04286754131317139
170,0.05064483359456062,0.04125510901212692
180,0.05212707817554474,0.042043909430503845
190,0.04786401614546776,0.039465297013521194
200,0.048266876488924026,0.03944346681237221
210,0.04739063233137131,0.03886446729302406
220,0.046524882316589355,0.037658289074897766
230,0.04753623530268669,0.038379769772291183
240,0.0466284304857254,0.03755829110741615
250,0.04428134486079216,0.035853445529937744
260,0.04325949400663376,0.035664916038513184
270,0.042875275015830994,0.03520066291093826
280,0.04459512606263161,0.0360078364610672
290,0.04189405217766762,0.034245096147060394
300,0.04371979832649231,0.03544151410460472
310,0.040865931659936905,0.033833377063274384
320,0.045566704124212265,0.036774758249521255
330,0.044168680906295776,0.035283587872982025
340,0.041831549257040024,0.0340694822371006
350,0.04344051703810692,0.034794386476278305
360,0.04217355698347092,0.0335145927965641
370,0.04317377880215645,0.03433229774236679
380,0.03990712761878967,0.03236381337046623
390,0.04122457653284073,0.032957639545202255
400,0.040822528302669525,0.03270544484257698
410,0.040320124477148056,0.03262152895331383
420,0.04003254696726799,0.03210817649960518
430,0.03928578644990921,0.03204444423317909
440,0.04433833807706833,0.035570573061704636
450,0.039299190044403076,0.03165054693818092
460,0.039938222616910934,0.03201815485954285
470,0.040650006383657455,0.03249516710639
480,0.03899123892188072,0.031556662172079086
490,0.039315007627010345,0.03161400556564331
500,0.040617212653160095,0.03195885941386223
510,0.039692025631666183,0.03185794875025749
520,0.03856710344552994,0.031010374426841736
530,0.04061941057443619,0.03240963816642761
540,0.03845652937889099,0.03070148453116417
550,0.038689423352479935,0.030808430165052414
560,0.03860441595315933,0.0306499432772398
570,0.03930909186601639,0.03111274167895317
580,0.039943285286426544,0.03225155547261238
590,0.038645513355731964,0.030914615839719772
600,0.03841735050082207,0.03060823865234852
610,0.03728614002466202,0.030239908024668694
620,0.03832314535975456,0.0307503342628479
630,0.03880465403199196,0.03041745163500309
640,0.03754197433590889,0.030052846297621727
650,0.03748435527086258,0.02996566705405712
660,0.038160230964422226,0.03072551265358925
670,0.039430756121873856,0.03176537901163101
680,0.03787386789917946,0.03016550838947296
690,0.037440843880176544,0.029774369671940804
700,0.03735397011041641,0.030064038932323456
710,0.03728670999407768,0.02993275411427021
720,0.03708133101463318,0.02955634891986847
730,0.03826897591352463,0.03045128472149372
740,0.03819495439529419,0.030506718903779984
750,0.037596285343170166,0.02990129217505455
760,0.03644297271966934,0.02933371067047119
770,0.038781095296144485,0.03073609061539173
780,0.0374559685587883,0.02957770973443985
790,0.03764805570244789,0.02981431409716606
800,0.036795396357774734,0.029424622654914856
810,0.03624488785862923,0.029562119394540787
820,0.035683758556842804,0.02879371866583824
830,0.03629739210009575,0.029047837480902672
840,0.03686044365167618,0.0291220061480999
850,0.03631108999252319,0.02892216667532921
860,0.035718195140361786,0.028672808781266212
870,0.03624993935227394,0.02912227436900139
880,0.03574987128376961,0.028844991698861122
890,0.03685491904616356,0.029452981427311897
900,0.03648252785205841,0.02873080223798752
910,0.03606149181723595,0.029040804132819176
920,0.03791508078575134,0.030205678194761276
930,0.03621958941221237,0.028612909838557243
940,0.03711257502436638,0.029507920145988464
950,0.03589177131652832,0.028531018644571304
960,0.03804739564657211,0.03016005828976631
970,0.03617699444293976,0.028823750093579292
980,0.035788215696811676,0.028592059388756752
990,0.03631330654025078,0.028630072250962257
1000,0.037222523242235184,0.02918427065014839
1010,0.035648081451654434,0.028782086446881294
1020,0.035915832966566086,0.0284287016838789
1030,0.037239450961351395,0.029849346727132797
1040,0.03710383549332619,0.02924984134733677
1050,0.03560055047273636,0.028475571423768997
1060,0.03520403802394867,0.028338346630334854
1070,0.03526676818728447,0.028144462034106255
1080,0.03602437674999237,0.028612466529011726
1090,0.03626568615436554,0.02901468798518181
1100,0.034951042383909225,0.02783960849046707
1110,0.034880492836236954,0.027886508032679558
1120,0.035411618649959564,0.02823983132839203
1130,0.03640010207891464,0.028618883341550827
1140,0.035378411412239075,0.028092769905924797
1150,0.03780386969447136,0.029715947806835175
1160,0.03466179966926575,0.02770737186074257
1170,0.03519628569483757,0.027896828949451447
1180,0.03456732630729675,0.02798568829894066
1190,0.03435506671667099,0.02735300175845623
1200,0.03576240316033363,0.027998438104987144
1210,0.035247351974248886,0.028026040643453598
1220,0.034102968871593475,0.027423039078712463
1230,0.03514046221971512,0.027572376653552055
1240,0.03535690903663635,0.028168439865112305
1250,0.03449404612183571,0.027215251699090004
1260,0.035455070436000824,0.02774995192885399
1270,0.03702555596828461,0.02908582054078579
1280,0.034179672598838806,0.02711237408220768
1290,0.03428464010357857,0.027225011959671974
1300,0.03455070033669472,0.02734256163239479
1310,0.03432425484061241,0.027228740975260735
1320,0.034097880125045776,0.027015266939997673
1330,0.03425702452659607,0.02720370702445507
1340,0.03399837389588356,0.027077022939920425
1350,0.03634785860776901,0.028584415093064308
1360,0.03584779426455498,0.02847023867070675
1370,0.03474653139710426,0.02770109660923481
1380,0.033155299723148346,0.026861516758799553
1390,0.03433624655008316,0.02699919417500496
1400,0.033431973308324814,0.026689713820815086
1410,0.033749304711818695,0.02685159258544445
1420,0.03418859466910362,0.02726375125348568
1430,0.03491715341806412,0.027437696233391762
1440,0.03558913618326187,0.02777101658284664
1450,0.03363179415464401,0.026615632697939873
1460,0.03536471724510193,0.02793465182185173
1470,0.03281240910291672,0.026140931993722916
1480,0.032603420317173004,0.02611190639436245
1490,0.03437839075922966,0.0273576769977808
1500,0.0338309109210968,0.026650426909327507
1510,0.033542558550834656,0.02663348615169525
1520,0.032511357218027115,0.026057740673422813
1530,0.03406297788023949,0.027123289182782173
1540,0.03281386196613312,0.026413042098283768
1550,0.03292323276400566,0.026236994192004204
1560,0.034575264900922775,0.027598591521382332
1570,0.033577512949705124,0.026322774589061737
1580,0.0321747288107872,0.02566099539399147
1590,0.032886408269405365,0.025853317230939865
1600,0.03232736513018608,0.02594980038702488
1610,0.0344369076192379,0.027096174657344818
1620,0.032726407051086426,0.025896085426211357
1630,0.033778563141822815,0.026786359027028084
1640,0.03185710310935974,0.02603728696703911
1650,0.031252481043338776,0.02511466294527054
1660,0.03336082771420479,0.026240544393658638
1670,0.033018872141838074,0.02619744837284088
1680,0.03254355117678642,0.025708166882395744
1690,0.032045282423496246,0.02558724209666252
1700,0.032764602452516556,0.02581140212714672
1710,0.032344263046979904,0.02572261542081833
1720,0.03160076588392258,0.025015126913785934
1730,0.032611921429634094,0.02561073563992977
1740,0.03181346133351326,0.025401223450899124
1750,0.031949419528245926,0.025621095672249794
1760,0.03299347311258316,0.025807972997426987
1770,0.03180283308029175,0.025027655065059662
1780,0.031291116029024124,0.02482207678258419
1790,0.03184688463807106,0.02530813403427601
1800,0.03199366107583046,0.025227593258023262
1810,0.03128344938158989,0.02475118078291416
1820,0.03518865257501602,0.02726602740585804
1830,0.031318869441747665,0.024621736258268356
1840,0.031540509313344955,0.024828728288412094
1850,0.031121784821152687,0.024550866335630417
1860,0.03110901266336441,0.02474326267838478
1870,0.03303980082273483,0.025779053568840027
1880,0.03219681605696678,0.025412268936634064
1890,0.031122347339987755,0.02433197572827339
1900,0.03028976358473301,0.02415929175913334
1910,0.03068525157868862,0.02409687079489231
1920,0.031412284821271896,0.02463863417506218
1930,0.029925087466835976,0.02406255528330803
1940,0.03080799989402294,0.024380650371313095
1950,0.030445266515016556,0.0241666529327631
1960,0.030510615557432175,0.024067727848887444
1970,0.030538426712155342,0.024330927059054375
1980,0.03007316403090954,0.023727387189865112
1990,0.030137738212943077,0.02399120293557644
2000,0.03092207759618759,0.02458675019443035
2010,0.030881701037287712,0.0243427362293005
2020,0.03248404711484909,0.025594612583518028
2030,0.031088288873434067,0.024476883932948112
2040,0.03107432834804058,0.024662107229232788
2050,0.031148653477430344,0.024509122595191002
2060,0.029899096116423607,0.023652730509638786
2070,0.03233478590846062,0.02519724704325199
2080,0.02992376498878002,0.02363632619380951
2090,0.029757974669337273,0.023230664432048798
2100,0.030186966061592102,0.023928306996822357
2110,0.030412254855036736,0.023810556158423424
2120,0.028873644769191742,0.022898200899362564
2130,0.02913905866444111,0.022974057123064995
2140,0.028649410232901573,0.022842146456241608
2150,0.02957092598080635,0.0232754684984684
2160,0.028579803183674812,0.022912142798304558
2170,0.03222643584012985,0.025391556322574615
2180,0.029924921691417694,0.02333853952586651
2190,0.028271518647670746,0.02262238785624504
2200,0.028710877522826195,0.022518426179885864
2210,0.028414960950613022,0.022320115938782692
2220,0.028458435088396072,0.022433996200561523
2230,0.02791835553944111,0.022162510082125664
2240,0.028520269319415092,0.022383855655789375
2250,0.028090769425034523,0.022684777155518532
2260,0.028080403804779053,0.022205960005521774
2270,0.027887318283319473,0.022281857207417488
2280,0.028158534318208694,0.022146539762616158
2290,0.029024075716733932,0.02264992706477642
2300,0.028054254129529,0.022191060706973076
2310,0.028770403936505318,0.02282942272722721
2320,0.02817363291978836,0.022077668458223343
2330,0.027982715517282486,0.022231031209230423
2340,0.028440577909350395,0.022115372121334076
2350,0.02848784066736698,0.02232445403933525
2360,0.027584271505475044,0.02164354734122753
2370,0.02713518962264061,0.021606164053082466
2380,0.0269221942871809,0.021213456988334656
2390,0.02677156776189804,0.021161096170544624
2400,0.027863672003149986,0.021697403863072395
2410,0.026472123339772224,0.02100386470556259
2420,0.02761869505047798,0.021334027871489525
2430,0.026411650702357292,0.02090923860669136
2440,0.02691696770489216,0.021354669705033302
2450,0.02797999419271946,0.021950064226984978
2460,0.02850770764052868,0.022416163235902786
2470,0.026710035279393196,0.021063251420855522
2480,0.026500549167394638,0.020657148212194443
2490,0.028562920168042183,0.022272629663348198
2500,0.025933749973773956,0.02053658850491047
2510,0.027236269786953926,0.020961422473192215
2520,0.026382949203252792,0.020715851336717606
2530,0.025738926604390144,0.020123204216361046
2540,0.027220843359827995,0.02129206992685795
2550,0.02573852613568306,0.02019130438566208
2560,0.02496500499546528,0.019806984812021255
2570,0.026529544964432716,0.020833713933825493
2580,0.026286831125617027,0.020741216838359833
2590,0.02559409663081169,0.02008952386677265
2600,0.02559177204966545,0.020122192800045013
2610,0.025711629539728165,0.0199601911008358
2620,0.026269186288118362,0.020515145733952522
2630,0.024990970268845558,0.01962912455201149
2640,0.025140827521681786,0.019692312926054
2650,0.024817530065774918,0.019389914348721504
2660,0.025055360049009323,0.01950480416417122
2670,0.024918535724282265,0.019824193790555
2680,0.02447347156703472,0.019127948209643364
2690,0.024707894772291183,0.01911116950213909
2700,0.024984396994113922,0.01961711421608925
2710,0.02399676851928234,0.01869957521557808
2720,0.024759070947766304,0.019381266087293625
2730,0.024589167907834053,0.01897190883755684
2740,0.024136314168572426,0.018973741680383682
2750,0.024223806336522102,0.019121598452329636
2760,0.02431105636060238,0.01889169029891491
2770,0.02381635271012783,0.018678897991776466
2780,0.024178847670555115,0.018763935193419456
2790,0.02362576499581337,0.01849478669464588
2800,0.02354983612895012,0.01846925914287567
2810,0.024190595373511314,0.018879447132349014
2820,0.02446225844323635,0.01869497075676918
2830,0.024496035650372505,0.01895233243703842
2840,0.024123454466462135,0.018619118258357048
2850,0.024687042459845543,0.019242092967033386
2860,0.023632517084479332,0.018150663003325462
2870,0.023357728496193886,0.018147675320506096
2880,0.023177210241556168,0.017982948571443558
2890,0.022947750985622406,0.017779819667339325
2900,0.022742891684174538,0.017739303410053253
2910,0.023106103762984276,0.018123149871826172
2920,0.023609956726431847,0.018322616815567017
2930,0.02342396229505539,0.01806759648025036
2940,0.02263280563056469,0.01776902563869953
2950,0.022887669503688812,0.01778385601937771
2960,0.022767627611756325,0.017577186226844788
2970,0.023560484871268272,0.018171684816479683
2980,0.023669790476560593,0.018345458433032036
2990,0.023045718669891357,0.01784544065594673
3000,0.022587060928344727,0.01727438159286976
3010,0.024490315467119217,0.018834684044122696
3020,0.022687649354338646,0.01795629784464836
3030,0.02199186570942402,0.017010392621159554
3040,0.02190699800848961,0.017275387421250343
3050,0.022657429799437523,0.017395874485373497
3060,0.022375036031007767,0.01721973344683647
3070,0.02274133637547493,0.017508259043097496
3080,0.023596351966261864,0.018013272434473038
3090,0.022545691579580307,0.017242543399333954
3100,0.023453179746866226,0.01773126795887947
3110,0.02269386127591133,0.017451593652367592
3120,0.0221407413482666,0.01696673594415188
3130,0.02229001186788082,0.017234060913324356
3140,0.021645108237862587,0.016789227724075317
3150,0.021758534014225006,0.016765108332037926
3160,0.021306883543729782,0.016410095617175102
3170,0.02218553051352501,0.01692378707230091
3180,0.02218944951891899,0.017278671264648438
3190,0.02229456417262554,0.01717846468091011
3200,0.02175348624587059,0.01703478954732418
3210,0.02317577786743641,0.017977358773350716
3220,0.022106239572167397,0.017124531790614128
3230,0.021716993302106857,0.016919318586587906
3240,0.022082461044192314,0.016878273338079453
3250,0.021281028166413307,0.016288571059703827
3260,0.023483427241444588,0.01802370510995388
3270,0.02115405909717083,0.016288811340928078
3280,0.021632378920912743,0.01648380234837532
3290,0.02097938023507595,0.016126418486237526
3300,0.021197907626628876,0.016075704246759415
3310,0.022041864693164825,0.01676909625530243
3320,0.022232526913285255,0.01708347722887993
3330,0.020839042961597443,0.016190454363822937
3340,0.021167971193790436,0.01623217761516571
3350,0.02101813815534115,0.01607014425098896
3360,0.023129399865865707,0.017723608762025833
3370,0.020676778629422188,0.015962861478328705
3380,0.021063758060336113,0.01593979261815548
3390,0.021425019949674606,0.016449548304080963
3400,0.02066996693611145,0.0157155878841877
3410,0.02163369208574295,0.016322869807481766
3420,0.021050620824098587,0.015960628166794777
3430,0.02088490128517151,0.015861842781305313
3440,0.020986994728446007,0.015821952372789383
3450,0.021670544520020485,0.016476167365908623
3460,0.02052890695631504,0.01578601449728012
3470,0.020779253914952278,0.015937237069010735
3480,0.020772134885191917,0.015721265226602554
3490,0.020851267501711845,0.015893306583166122
3500,0.020511198788881302,0.015690186992287636
3510,0.020752185955643654,0.01566840521991253
3520,0.020409302785992622,0.015492805279791355
3530,0.020719921216368675,0.01588296890258789
3540,0.020958593115210533,0.015814997255802155
3550,0.02090233564376831,0.016189835965633392
3560,0.020365014672279358,0.015621550381183624
3570,0.02064071223139763,0.015685301274061203
3580,0.019886920228600502,0.015121408738195896
3590,0.020109407603740692,0.01555661391466856
3600,0.020384183153510094,0.015401462092995644
3610,0.021470099687576294,0.01634260267019272
3620,0.0204393919557333,0.015606383793056011
3630,0.020151836797595024,0.015287832356989384
3640,0.020138917490839958,0.015400012023746967
3650,0.019963575527071953,0.01514143031090498
3660,0.0204018522053957,0.015295861288905144
3670,0.02063441462814808,0.01567608304321766
3680,0.020388538017868996,0.015433375723659992
3690,0.020211314782500267,0.015128214843571186
3700,0.02019750513136387,0.015320907346904278
3710,0.02129705809056759,0.0158980842679739
3720,0.02034149318933487,0.015287953428924084
3730,0.019940918311476707,0.0150069585070014
3740,0.020111076533794403,0.01516707707196474
3750,0.020473971962928772,0.015216263942420483
3760,0.02052951604127884,0.015385250560939312
3770,0.020026326179504395,0.015248838812112808
3780,0.019957000389695168,0.014985384419560432
3790,0.019878201186656952,0.015118281356990337
3800,0.020380865782499313,0.015235214494168758
3810,0.020325224846601486,0.01522957906126976
3820,0.01995973289012909,0.015096158720552921
3830,0.01999363675713539,0.014862682670354843
3840,0.02000848576426506,0.015278805047273636
3850,0.019938815385103226,0.015146884135901928
3860,0.020375171676278114,0.015443575568497181
3870,0.020202141255140305,0.015352357178926468
3880,0.019780274480581284,0.015292340889573097
3890,0.019430503249168396,0.014636088162660599
3900,0.020001549273729324,0.014937233179807663
3910,0.020906899124383926,0.015722665935754776
3920,0.020514344796538353,0.015690302476286888
3930,0.019542446359992027,0.01496084500104189
3940,0.019713882356882095,0.014697779901325703
3950,0.019602280110120773,0.014644389040768147
3960,0.019601475447416306,0.014667666517198086
3970,0.019560664892196655,0.014865206554532051
3980,0.019748933613300323,0.014772296883165836
3990,0.01915598101913929,0.014536639675498009
4000,0.019574280828237534,0.0146441999822855
4010,0.01956724375486374,0.01465589553117752
4020,0.019322501495480537,0.014525423757731915
4030,0.019455619156360626,0.014791775494813919
4040,0.019230516627430916,0.014624172821640968
4050,0.019947923719882965,0.015146223828196526
4060,0.0190376415848732,0.014337681233882904
4070,0.020850135013461113,0.015686996281147003
4080,0.019813276827335358,0.014986679889261723
4090,0.019178543239831924,0.014327888377010822
4100,0.0191164743155241,0.014351942576467991
4110,0.019162332639098167,0.014484737068414688
4120,0.019108682870864868,0.014254889450967312
4130,0.019045863300561905,0.014241819269955158
4140,0.01928757317364216,0.014668136835098267
4150,0.019526781514286995,0.014580783434212208
4160,0.019179604947566986,0.014344519004225731
4170,0.019073951989412308,0.014535578899085522
4180,0.019531406462192535,0.014481736347079277
4190,0.020205100998282433,0.015198803506791592
4200,0.01898019202053547,0.014241810888051987
4210,0.019161760807037354,0.01449043769389391
4220,0.01904474012553692,0.014754035510122776
4230,0.019024034962058067,0.014301599934697151
4240,0.019650408998131752,0.014683762565255165
4250,0.019325872883200645,0.014493963681161404
4260,0.019241714850068092,0.014511868357658386
4270,0.018989287316799164,0.014453224837779999
4280,0.01897606812417507,0.014179589226841927
4290,0.01920740120112896,0.014667917974293232
4300,0.01912866346538067,0.014393596909940243
4310,0.01871320605278015,0.013967513106763363
4320,0.019233474507927895,0.01449300441890955
4330,0.01908320188522339,0.014427508227527142
4340,0.01958177424967289,0.01490799617022276
4350,0.019494691863656044,0.014552658423781395
4360,0.019002243876457214,0.014456689357757568
4370,0.01935676485300064,0.01450662687420845
4380,0.01872118189930916,0.014164206571877003
4390,0.018532143905758858,0.01404673233628273
4400,0.018614785745739937,0.013995230197906494
4410,0.018837355077266693,0.014195960946381092
4420,0.019255444407463074,0.01462605968117714
4430,0.018461819738149643,0.013860021717846394
4440,0.01901993528008461,0.014158353209495544
4450,0.018784403800964355,0.014158293604850769
4460,0.01895427703857422,0.014161261729896069
4470,0.018597466871142387,0.014073004014790058
4480,0.019060323014855385,0.014099867083132267
4490,0.018397532403469086,0.013927736319601536
4500,0.01876973733305931,0.013931479305028915
4510,0.019258541986346245,0.014435728080570698
4520,0.018499575555324554,0.014067301526665688
4530,0.01867634989321232,0.013966747559607029
4540,0.018660880625247955,0.01412467285990715
4550,0.018858078867197037,0.014144021086394787
4560,0.01852867752313614,0.013817903585731983
4570,0.018880613148212433,0.014108117669820786
4580,0.01877552643418312,0.014020527713000774
4590,0.01845393516123295,0.013794771395623684
4600,0.01952304318547249,0.014738335274159908
4610,0.018898319453001022,0.014230215921998024
4620,0.01893489435315132,0.014263487420976162
4630,0.018715357407927513,0.01390676386654377
4640,0.018392203375697136,0.013736383989453316
4650,0.018269293010234833,0.013708730228245258
4660,0.01842203363776207,0.013761227019131184
4670,0.018124092370271683,0.01372313592582941
4680,0.018700046464800835,0.013996345922350883
4690,0.018397899344563484,0.014060679823160172
4700,0.01834898255765438,0.013729400932788849
4710,0.018602639436721802,0.014074175618588924
4720,0.018352719023823738,0.013793183490633965
4730,0.018338775262236595,0.013838261365890503
4740,0.018424902111291885,0.013733187690377235
4750,0.018263420090079308,0.01374184712767601
4760,0.018491940572857857,0.013861699029803276
4770,0.01831161230802536,0.013654661364853382
4780,0.01801055669784546,0.013643124140799046
4790,0.018079200759530067,0.01360841654241085
4800,0.0180932879447937,0.013483988121151924
4810,0.018769612535834312,0.014171656221151352
4820,0.018460901454091072,0.01371437031775713
4830,0.018325109034776688,0.01365305669605732
4840,0.01806624047458172,0.013517213054001331
4850,0.019039925187826157,0.014169175177812576
4860,0.018164968118071556,0.013554967939853668
4870,0.01858300343155861,0.013759230263531208
4880,0.018171273171901703,0.013632722198963165
4890,0.018208444118499756,0.013505951501429081
4900,0.017748238518834114,0.01323571614921093
4910,0.018123362213373184,0.013577708043158054
4920,0.017952540889382362,0.013538367114961147
4930,0.018646588549017906,0.013767436146736145
4940,0.018022308126091957,0.013594516552984715
4950,0.0179279912263155,0.013313645496964455
4960,0.01847500167787075,0.013832991942763329
4970,0.018367797136306763,0.013652839697897434
4980,0.018967851996421814,0.014195137657225132
4990,0.018254317343235016,0.013621920719742775
5000,0.01847434788942337,0.013807108625769615
5010,0.018009139224886894,0.013345475308597088
5020,0.017899880185723305,0.013349587097764015
5030,0.017690222710371017,0.013288102112710476
5040,0.01815762184560299,0.013488491997122765
5050,0.018281590193510056,0.013600019738078117
5060,0.017750611528754234,0.01341274194419384
5070,0.018062174320220947,0.013574587181210518
5080,0.01815919391810894,0.013447447679936886
5090,0.017854591831564903,0.01335651520639658
5100,0.017761869356036186,0.013453767634928226
5110,0.018270617350935936,0.013788116164505482
5120,0.01798420585691929,0.013624394312500954
5130,0.01814289018511772,0.013509354554116726
5140,0.017644181847572327,0.013284791260957718
5150,0.01775362715125084,0.013165831565856934
5160,0.01805637776851654,0.013648279942572117
5170,0.018400544300675392,0.013872639276087284
5180,0.01794801838696003,0.013308455236256123
5190,0.017856160178780556,0.013294639065861702
5200,0.018533626571297646,0.013795876875519753
5210,0.01770108938217163,0.013291796669363976
5220,0.017644241452217102,0.013187245465815067
5230,0.017910022288560867,0.013488752767443657
5240,0.01789880357682705,0.013248062692582607
5250,0.018296100199222565,0.013755741529166698
5260,0.017573244869709015,0.013153720647096634
5270,0.017682626843452454,0.013079850934445858
5280,0.017765721306204796,0.013340144418179989
5290,0.017613859847187996,0.013489946722984314
5300,0.0180785171687603,0.013415824621915817
5310,0.018136905506253242,0.013432848267257214
5320,0.01793929934501648,0.013473745435476303
5330,0.017485974356532097,0.013080782257020473
5340,0.01778390444815159,0.013302363455295563
5350,0.01802125945687294,0.013630076311528683
5360,0.017732946202158928,0.013049536384642124
5370,0.01759483851492405,0.013298280537128448
5380,0.017939621582627296,0.013213475234806538
5390,0.018665464594960213,0.013977007009088993
5400,0.01755167916417122,0.0131192896515131
5410,0.018472945317626,0.013812479563057423
5420,0.017675869166851044,0.013089459389448166
5430,0.017979232594370842,0.013208114542067051
5440,0.01811615563929081,0.013476853258907795
5450,0.017754027619957924,0.013167805038392544
5460,0.017213622108101845,0.013014833442866802
5470,0.017818765714764595,0.013210896402597427
5480,0.01756293512880802,0.013106422498822212
5490,0.01751130260527134,0.013135518878698349
5500,0.017499448731541634,0.012974529527127743
5510,0.01760861650109291,0.013300181366503239
5520,0.017621582373976707,0.013098188675940037
5530,0.01743576116859913,0.01298694871366024
5540,0.017924144864082336,0.013292348012328148
5550,0.01766381226480007,0.013016659766435623
5560,0.017756033688783646,0.01316445879638195
5570,0.017446577548980713,0.012998618185520172
5580,0.018761733546853065,0.013985787518322468
5590,0.017217902466654778,0.012833590619266033
5600,0.017489464953541756,0.013080920092761517
5610,0.017579304054379463,0.013066343031823635
5620,0.017075397074222565,0.012875532731413841
5630,0.018011556938290596,0.013348877429962158
5640,0.017163781449198723,0.012869704514741898
5650,0.01806594990193844,0.013368050567805767
5660,0.01728908345103264,0.01282105315476656
5670,0.018668506294488907,0.013835339806973934
5680,0.017293671146035194,0.013003747910261154
5690,0.01721584051847458,0.012831339612603188
5700,0.017583850771188736,0.01298749540001154
5710,0.01725856401026249,0.01306727435439825
5720,0.017376797273755074,0.012902319431304932
5730,0.017610611394047737,0.013181529007852077
5740,0.0172464270144701,0.012969071976840496
5750,0.01751071773469448,0.013003111816942692
5760,0.017449792474508286,0.013009533286094666
5770,0.017317580059170723,0.01285173837095499
5780,0.01710873283445835,0.012851164676249027
5790,0.018052445724606514,0.013499335385859013
5800,0.0177040696144104,0.013053614646196365
5810,0.01731143891811371,0.012902702204883099
5820,0.017235226929187775,0.013179720379412174
5830,0.017454534769058228,0.013144141063094139
5840,0.017549753189086914,0.013006014749407768
5850,0.017071517184376717,0.012746904045343399
5860,0.017234647646546364,0.012701534666121006
5870,0.017240531742572784,0.012904095463454723
5880,0.017252299934625626,0.013144713826477528
5890,0.017220012843608856,0.01290284376591444
5900,0.01756555214524269,0.013053285889327526
5910,0.017737407237291336,0.013078276067972183
5920,0.01702115125954151,0.01294921338558197
5930,0.01736665517091751,0.012894771061837673
5940,0.016991401091217995,0.01284798700362444
5950,0.017225297167897224,0.012722601182758808
5960,0.017385443672537804,0.012853899970650673
5970,0.017143717035651207,0.01293111126869917
5980,0.01705157943069935,0.012762707658112049
5990,0.017024317756295204,0.01276328880339861
6000,0.017179179936647415,0.01284066867083311
6010,0.017016015946865082,0.012661627493798733
6020,0.01733546517789364,0.012904113158583641
6030,0.017429756000638008,0.012851176783442497
6040,0.017294034361839294,0.012780750170350075
6050,0.017113883048295975,0.01269096601754427
6060,0.01723324880003929,0.012753634713590145
6070,0.0175082478672266,0.012915066443383694
6080,0.017526822164654732,0.013028576970100403
6090,0.018728887662291527,0.0139769883826375
6100,0.01761516183614731,0.013194222003221512
6110,0.01773517020046711,0.013147669844329357
6120,0.017162960022687912,0.012945163063704967
6130,0.01770097203552723,0.01316054817289114
6140,0.017121830955147743,0.012846047058701515
6150,0.0170760415494442,0.012669906951487064
6160,0.016916396096348763,0.012578700669109821
6170,0.017086584120988846,0.012717182748019695
6180,0.01688823290169239,0.012613419443368912
6190,0.017106343060731888,0.01269934605807066
6200,0.016844360157847404,0.012791740708053112
6210,0.01671776920557022,0.012423409149050713
6220,0.01719757542014122,0.012802929617464542
6230,0.017267992720007896,0.012943688780069351
6240,0.017110349610447884,0.012511705979704857
6250,0.01710326410830021,0.012734320014715195
6260,0.01726781390607357,0.012738334946334362
6270,0.01747465319931507,0.013095092959702015
6280,0.016709335148334503,0.012444973923265934
6290,0.016767282038927078,0.012455213814973831
6300,0.017325840890407562,0.01292994525283575
6310,0.01662004552781582,0.01246041338890791
6320,0.016920875757932663,0.01254539005458355
6330,0.017212560400366783,0.012768017128109932
6340,0.017280234023928642,0.012696368619799614
6350,0.01680818758904934,0.012364049442112446
6360,0.01718907430768013,0.012605925090610981
6370,0.017038200050592422,0.012522108852863312
6380,0.01721261255443096,0.012574734166264534
6390,0.016668589785695076,0.012401199899613857
6400,0.017143581062555313,0.012586887925863266
6410,0.0177498497068882,0.013124438002705574
6420,0.016684165224432945,0.012746470049023628
6430,0.016926011070609093,0.012720913626253605
6440,0.016740722581744194,0.012389959767460823
6450,0.017030781134963036,0.012587717734277248
6460,0.01765703409910202,0.013091378845274448
6470,0.017331138253211975,0.01273005735129118
6480,0.01679396443068981,0.012440207414329052
6490,0.01663052849471569,0.012423747219145298
6500,0.01724047027528286,0.012736622244119644
6510,0.01735658384859562,0.012706947512924671
6520,0.016853800043463707,0.012442373670637608
6530,0.017822708934545517,0.013315226882696152
6540,0.016547683626413345,0.012283732183277607
6550,0.016906239092350006,0.012613329105079174
6560,0.016565395519137383,0.012326058000326157
6570,0.017131565138697624,0.0126540781930089
6580,0.01709112711250782,0.012625150382518768
6590,0.01828633062541485,0.013578840531408787
6600,0.01647401787340641,0.01242553535848856
6610,0.0164160318672657,0.01234342623502016
6620,0.016798987984657288,0.012383051216602325
6630,0.016658293083310127,0.01219963189214468
6640,0.016930121928453445,0.012545320205390453
6650,0.0166234839707613,0.012259680777788162
6660,0.016377538442611694,0.012491878122091293
6670,0.017030686140060425,0.012615487910807133
6680,0.01674499362707138,0.012554599903523922
6690,0.017209842801094055,0.01279777754098177
6700,0.01661517471075058,0.012403924949467182
6710,0.017531855031847954,0.012849794700741768
6720,0.016364512965083122,0.012325005605816841
6730,0.0164470374584198,0.012259066104888916
6740,0.01748717948794365,0.012906747870147228
6750,0.01650404743850231,0.012126833200454712
6760,0.017237631604075432,0.012882934883236885
6770,0.017039496451616287,0.012471524067223072
6780,0.01649930700659752,0.012401268817484379
6790,0.016410788521170616,0.012264800257980824
6800,0.016604484990239143,0.012293553911149502
6810,0.0166813712567091,0.01239976566284895
6820,0.0165709238499403,0.012362823821604252
6830,0.01668570190668106,0.012311725877225399
6840,0.01650293357670307,0.012195954099297523
6850,0.016159038990736008,0.012059633620083332
6860,0.017026912420988083,0.012475191615521908
6870,0.016106272116303444,0.012055995874106884
6880,0.016400374472141266,0.012317471206188202
6890,0.01627560891211033,0.012098165228962898
6900,0.016673976555466652,0.012267060577869415
6910,0.016450248658657074,0.012189839035272598
6920,0.016503505408763885,0.012267260812222958
6930,0.01615406945347786,0.01216227374970913
6940,0.01723233051598072,0.012563980184495449
6950,0.016469808295369148,0.012135004624724388
6960,0.016042111441493034,0.012152492068707943
6970,0.01671442948281765,0.012196415103971958
6980,0.016602111980319023,0.012188872322440147
6990,0.0166271161288023,0.012304749339818954
7000,0.016574176028370857,0.012622158043086529
7010,0.01668618619441986,0.012195591814815998
7020,0.016294773668050766,0.012186361476778984
7030,0.016157496720552444,0.012013886123895645
7040,0.01645869016647339,0.012113421224057674
7050,0.01627597026526928,0.012156111188232899
7060,0.016942914575338364,0.012324743904173374
7070,0.016195224598050117,0.012195944786071777
7080,0.015952708199620247,0.01193182822316885
7090,0.017038825899362564,0.012568692676723003
7100,0.016205254942178726,0.011933969333767891
7110,0.01639353111386299,0.012268373742699623
7120,0.016004661098122597,0.012088499963283539
7130,0.01620073989033699,0.01206949446350336
7140,0.016860950738191605,0.012528340332210064
7150,0.016692761331796646,0.012357495725154877
7160,0.01827797293663025,0.01356856431812048
7170,0.016454074531793594,0.012086725793778896
7180,0.016054628416895866,0.011952094733715057
7190,0.016177948564291,0.012137924320995808
7200,0.016276149079203606,0.011988557875156403
7210,0.016139868646860123,0.01214669644832611
7220,0.01607520692050457,0.012045023962855339
7230,0.015890296548604965,0.011979645118117332
7240,0.016189301386475563,0.011976360343396664
7250,0.015988783910870552,0.011866562068462372
7260,0.016178296878933907,0.012057029642164707
7270,0.016491593793034554,0.012110454961657524
7280,0.017620792612433434,0.012940920889377594
7290,0.016285600140690804,0.0120866559445858
7300,0.016381030902266502,0.012145975604653358
7310,0.016162244603037834,0.011998209170997143
7320,0.01658565178513527,0.01221785694360733
7330,0.01614021137356758,0.01197683997452259
7340,0.016161585226655006,0.011895380914211273
7350,0.016083236783742905,0.011964497156441212
7360,0.015805063769221306,0.011855017393827438
7370,0.01652490720152855,0.012074610218405724
7380,0.016138002276420593,0.012012814171612263
7390,0.016426559537649155,0.01212706696242094
7400,0.015911081805825233,0.011982724070549011
7410,0.016028225421905518,0.012066070921719074
7420,0.01650881953537464,0.012136428616940975
7430,0.016033878549933434,0.011980941519141197
7440,0.015741443261504173,0.011704256758093834
7450,0.0158876720815897,0.011975208297371864
7460,0.015853794291615486,0.011952174827456474
7470,0.01605791039764881,0.011803635396063328
7480,0.01654801145195961,0.012136049568653107
7490,0.01560230739414692,0.01185663789510727
7500,0.01602494902908802,0.011808912269771099
7510,0.015793567523360252,0.0118497209623456
7520,0.015941398218274117,0.011901426129043102
7530,0.015708062797784805,0.011649624444544315
7540,0.015985392034053802,0.011881725862622261
7550,0.015784645453095436,0.011708450503647327
7560,0.017233431339263916,0.012612808495759964
7570,0.016119495034217834,0.01196199655532837
7580,0.016649745404720306,0.01216199528425932
7590,0.01561381109058857,0.011668669059872627
7600,0.01669451780617237,0.012175291776657104
7610,0.015928026288747787,0.011850159615278244
7620,0.016421182081103325,0.011973879300057888
7630,0.015646399930119514,0.01159494649618864
7640,0.01579592190682888,0.011792902834713459
7650,0.016175277531147003,0.012014015577733517
7660,0.015978388488292694,0.01178391557186842
7670,0.015700893476605415,0.011779054068028927
7680,0.0156830046325922,0.0118861123919487
7690,0.01584332436323166,0.011965731158852577
7700,0.015777451917529106,0.011815792880952358
7710,0.016175907105207443,0.011802438646554947
7720,0.015748078003525734,0.011682930402457714
7730,0.01628034934401512,0.012026598677039146
7740,0.015700895339250565,0.011606726795434952
7750,0.01599937304854393,0.011808566749095917
7760,0.01563381776213646,0.011555250734090805
7770,0.01563173718750477,0.011629774235188961
7780,0.015896115452051163,0.011792424134910107
7790,0.015838032588362694,0.011682748794555664
7800,0.015475859865546227,0.011499914340674877
7810,0.015567613765597343,0.011644476093351841
7820,0.015474602580070496,0.011513750068843365
7830,0.01556939072906971,0.0115309813991189
7840,0.015563628636300564,0.011745259165763855
7850,0.015740113332867622,0.011698530986905098
7860,0.015733009204268456,0.011630249209702015
7870,0.015801817178726196,0.011603008955717087
7880,0.01546512171626091,0.011640551500022411
7890,0.015872010961174965,0.011666773818433285
7900,0.015566086396574974,0.011881050653755665
7910,0.0159163661301136,0.011761389672756195
7920,0.015619540587067604,0.011517763137817383
7930,0.016069352626800537,0.01174120232462883
7940,0.015874674543738365,0.011661005206406116
7950,0.017104580998420715,0.012766590341925621
7960,0.015944836661219597,0.0116273807361722
7970,0.015826035290956497,0.011771541088819504
7980,0.015479546040296555,0.011392427608370781
7990,0.015459312126040459,0.011557076126337051
8000,0.015328794717788696,0.011481495574116707
8010,0.015529063530266285,0.011590448208153248
8020,0.01544342003762722,0.011478175409138203
8030,0.015489434823393822,0.01151912659406662
8040,0.01528257504105568,0.011347879655659199
8050,0.015663212165236473,0.011629970744252205
8060,0.015865281224250793,0.01160828210413456
8070,0.015783939510583878,0.011627957224845886
8080,0.017193542793393135,0.01265678834170103
8090,0.015443235635757446,0.011341635137796402
8100,0.01533485110849142,0.011347952298820019
8110,0.015306378714740276,0.011460503563284874
8120,0.01595686748623848,0.01168893277645111
8130,0.015470430254936218,0.01142608467489481
8140,0.015311823226511478,0.011385727673768997
8150,0.015198806300759315,0.011340475641191006
8160,0.015496551059186459,0.011607334017753601
8170,0.015810133889317513,0.011697402223944664
8180,0.01639367826282978,0.01217743195593357
8190,0.016008809208869934,0.011617081239819527
8200,0.015278403647243977,0.011468260549008846
8210,0.015337555669248104,0.011377785354852676
8220,0.015599966049194336,0.011572218500077724
8230,0.016746068373322487,0.012300687842071056
8240,0.014985640533268452,0.01118903886526823
8250,0.015455842949450016,0.01126653328537941
8260,0.015873059630393982,0.011796093545854092
8270,0.015325437299907207,0.011471995152533054
8280,0.015494178980588913,0.011317308060824871
8290,0.015278765000402927,0.01145058311522007
8300,0.015474546700716019,0.011575394310057163
8310,0.015618948265910149,0.01158200018107891
8320,0.01560040470212698,0.01144434418529272
8330,0.015418130904436111,0.011317133903503418
8340,0.015205591917037964,0.011219842359423637
8350,0.015090850181877613,0.011294410564005375
8360,0.015222440473735332,0.011434387415647507
8370,0.015765279531478882,0.011591277085244656
8380,0.015240536071360111,0.011485484428703785
8390,0.015411045402288437,0.01133725792169571
8400,0.015304495580494404,0.011349440552294254
8410,0.015769129619002342,0.011627127416431904
8420,0.015135393477976322,0.011256992816925049
8430,0.015502183698117733,0.011533343233168125
8440,0.01537789311259985,0.011317882686853409
8450,0.015088340267539024,0.011162001639604568
8460,0.015106234699487686,0.011307595297694206
8470,0.015163994394242764,0.011173147708177567
8480,0.01511299703270197,0.011113251559436321
8490,0.01505638100206852,0.011297815479338169
8500,0.015056896954774857,0.011171955615282059
8510,0.015306273475289345,0.011485423892736435
8520,0.014948176220059395,0.011264641769230366
8530,0.015278486534953117,0.011281737126410007
8540,0.015041984617710114,0.011256678961217403
8550,0.015454139560461044,0.011370607651770115
8560,0.015089058317244053,0.0110910814255476
8570,0.015204086899757385,0.011224757879972458
8580,0.015042626298964024,0.01121129933744669
8590,0.01479526236653328,0.011090072803199291
8600,0.01510610431432724,0.011132840067148209
8610,0.015337353572249413,0.01127761509269476
8620,0.01513071171939373,0.01118940394371748
8630,0.015192809514701366,0.011173063889145851
8640,0.015260697342455387,0.011165683157742023
8650,0.015035112388432026,0.01102305669337511
8660,0.01576089672744274,0.011578457430005074
8670,0.015600301325321198,0.011275793425738811
8680,0.015347192995250225,0.01144494116306305
8690,0.01499951258301735,0.010984757915139198
8700,0.015199080109596252,0.011155533604323864
8710,0.015299848280847073,0.011210035532712936
8720,0.015331195667386055,0.01123829185962677
8730,0.015196469612419605,0.01124585885554552
8740,0.014998553320765495,0.011237009428441525
8750,0.014752283692359924,0.010900582186877728
8760,0.01490206178277731,0.01105322316288948
8770,0.01490300428122282,0.01103390846401453
8780,0.014937713742256165,0.010972913354635239
8790,0.015008761547505856,0.011031844653189182
8800,0.01490846648812294,0.01108402106910944
8810,0.014863697811961174,0.010966440662741661
8820,0.01505895983427763,0.011271088384091854
8830,0.015481695532798767,0.011310776695609093
8840,0.014695324003696442,0.010854953899979591
8850,0.014964218251407146,0.01099497638642788
8860,0.014875964261591434,0.011027547530829906
8870,0.014701515436172485,0.011003144085407257
8880,0.01470394991338253,0.010879771783947945
8890,0.015140490606427193,0.01106939371675253
8900,0.01487537007778883,0.010887267999351025
8910,0.014829603023827076,0.011252220720052719
8920,0.014940780587494373,0.01092267595231533
8930,0.015156973153352737,0.011047901585698128
8940,0.01575441099703312,0.01156854908913374
8950,0.014967639930546284,0.011030983179807663
8960,0.014730225317180157,0.010783393867313862
8970,0.014807285740971565,0.010853514075279236
8980,0.014582729898393154,0.010807834565639496
8990,0.014927074313163757,0.011032299138605595
9000,0.015325132757425308,0.011483055539429188
9010,0.015660762786865234,0.011429163627326488
9020,0.014697812497615814,0.010893970727920532
9030,0.014579521492123604,0.01076844334602356
9040,0.014668559655547142,0.01074740756303072
9050,0.014899463392794132,0.010999783873558044
9060,0.015014296397566795,0.010953362099826336
9070,0.014428221620619297,0.010668640024960041
9080,0.015272747725248337,0.011069191619753838
9090,0.014679200015962124,0.01084898877888918
9100,0.014582945965230465,0.010855772532522678
9110,0.01478814147412777,0.01095446478575468
9120,0.01448867842555046,0.010733644478023052
9130,0.014595719054341316,0.010910160839557648
9140,0.01561338733881712,0.011555011384189129
9150,0.01625819504261017,0.01188876572996378
9160,0.01466316543519497,0.0109525416046381
9170,0.014428023248910904,0.01067123282700777
9180,0.014792936854064465,0.010970617644488811
9190,0.014595173299312592,0.010791256092488766
9200,0.014973266050219536,0.011049816384911537
9210,0.014422879554331303,0.010782364755868912
9220,0.014564239419996738,0.010754171758890152
9230,0.01496440265327692,0.010891195386648178
9240,0.014594274573028088,0.01078891009092331
9250,0.015099715441465378,0.010950222611427307
9260,0.014193815179169178,0.01069148350507021
9270,0.014916115440428257,0.010885675437748432
9280,0.014599788002669811,0.010716659016907215
9290,0.014700226485729218,0.010872812941670418
9300,0.014756674878299236,0.011035946197807789
9310,0.014537221752107143,0.010696636512875557
9320,0.014658846892416477,0.01083180122077465
9330,0.014688227325677872,0.010898808017373085
9340,0.014569777995347977,0.010728736408054829
9350,0.014767246320843697,0.010791623033583164
9360,0.01520546618849039,0.011141208931803703
9370,0.014691133983433247,0.010939831845462322
9380,0.01468478050082922,0.010775105096399784
9390,0.014593067578971386,0.010580364614725113
9400,0.015277803875505924,0.011056247167289257
9410,0.0145186148583889,0.011036977171897888
9420,0.015478421002626419,0.011231550946831703
9430,0.014177556149661541,0.010581509210169315
9440,0.01503246184438467,0.011031313799321651
9450,0.014254608191549778,0.01072954572737217
9460,0.01497203391045332,0.010874904692173004
9470,0.014533041045069695,0.010625233873724937
9480,0.01466506440192461,0.010786490514874458
9490,0.014403319917619228,0.010546811856329441
9500,0.014396628364920616,0.010685032233595848
9510,0.015078381635248661,0.01100985985249281
9520,0.014441032893955708,0.010740978643298149
9530,0.014368661679327488,0.010603955015540123
9540,0.014363132417201996,0.010642025619745255
9550,0.014321757480502129,0.010468903928995132
9560,0.01425093226134777,0.010644176974892616
9570,0.014369592070579529,0.010588016360998154
9580,0.014357032254338264,0.010665010660886765
9590,0.014409846626222134,0.010743479244410992
9600,0.014616206288337708,0.010740227065980434
9610,0.014213972724974155,0.010437562130391598
9620,0.014540416188538074,0.010710258036851883
9630,0.014719566330313683,0.01070467010140419
9640,0.014787406660616398,0.010882715694606304
9650,0.014216321520507336,0.01052588690072298
9660,0.014494026079773903,0.010615432634949684
9670,0.01440486591309309,0.01061081513762474
9680,0.014743179082870483,0.01074908021837473
9690,0.014286813326179981,0.010557434521615505
9700,0.015263263136148453,0.011117770336568356
9710,0.01442746538668871,0.010545634664595127
9720,0.014406911097466946,0.010557628236711025
9730,0.01406637579202652,0.010526720434427261
9740,0.013853278011083603,0.01028711162507534
9750,0.014454348012804985,0.010630696080625057
9760,0.014118500985205173,0.010458494536578655
9770,0.014133227989077568,0.010440155863761902
9780,0.01432010717689991,0.010486624203622341
9790,0.014157493598759174,0.010688507929444313
9800,0.0141089903190732,0.010362623259425163
9810,0.014434877783060074,0.01055035088211298
9820,0.014293274842202663,0.01053912378847599
9830,0.013973674736917019,0.01034815888851881
9840,0.014598638750612736,0.010567249730229378
9850,0.01399923861026764,0.01032459270209074
9860,0.014474678784608841,0.01069820299744606
9870,0.014365131966769695,0.01049357932060957
9880,0.01391744427382946,0.010272671468555927
9890,0.014001032337546349,0.010450336150825024
9900,0.014561489224433899,0.010613921098411083
9910,0.014528869651257992,0.010458980686962605
9920,0.013850808143615723,0.010318594053387642
9930,0.014038076624274254,0.010476543568074703
9940,0.014185766689479351,0.010419082827866077
9950,0.01421494223177433,0.010405372828245163
9960,0.01416544895619154,0.010450419038534164
9970,0.014382019639015198,0.010472946800291538
9980,0.014097093604505062,0.010442682541906834
9990,0.014421177096664906,0.010622208006680012
10000,0.014274455606937408,0.010492891073226929
